metric_id,name,category,definition,formula,numerator,denominator,grain,required_segments,leading_or_lagging,guardrail
M001,Lead response time,speed,Elapsed time from qualified lead receipt to first meaningful human response,first_response_timestamp - qualified_lead_timestamp,,,lead,"source,trade,territory,time_band",leading,Exclude spam and system acknowledgements
M002,Contact rate,funnel,Share of workable leads with two-way contact,contacted_workable_leads / workable_leads,contacted_workable_leads,workable_leads,"week,rep","source,trade,territory",leading,Define workable lead before reporting
M003,Qualified call booking rate,funnel,Share of qualified inbound calls that book an appropriate appointment,booked_qualified_calls / qualified_inbound_calls,booked_qualified_calls,qualified_inbound_calls,"week,agent","trade,call_type,territory",leading,Do not reward unsafe or ineligible bookings
M004,Appointment show rate,funnel,Share of booked appointments that occur,completed_appointments / booked_appointments,completed_appointments,booked_appointments,"week,team","source,trade,motion",leading,Separate customer cancellation company cancellation and no access
M005,Diagnostic completion rate,process,Share of eligible visits with required diagnostic evidence completed,visits_with_required_evidence / eligible_visits,visits_with_required_evidence,eligible_visits,"week,rep","trade,motion,job_type",leading,Requirements must match license role and job type
M006,Discovery completeness,quality,Weighted share of required discovery fields confirmed,sum(weighted_confirmed_fields) / sum(applicable_field_weights),confirmed_weight,applicable_weight,interaction,"motion,trade,rep",leading,Unknown is better than fabricated
M007,Summary confirmation rate,quality,Share of proposals preceded by a buyer-confirmed needs summary,confirmed_summaries / proposals_presented,confirmed_summaries,proposals_presented,"week,rep","trade,motion",leading,Confirmation must be explicit in note or recording
M008,Recommendation fit score,quality,Rubric score for traceability from evidence and priorities to recommendation,sum(item_scores) / max_item_score,,,opportunity,"trade,motion,reviewer",leading,Do not infer fit from sale outcome alone
M009,Proposal presentation rate,funnel,Share of proposal-ready opportunities presented synchronously when appropriate,synchronous_presentations / proposal_ready_opportunities,synchronous_presentations,proposal_ready_opportunities,"week,rep","trade,motion,channel",leading,Exclude procurement-only submissions
M010,Proposal completeness,quality,Share of proposals containing required scope exclusions price terms proof and next step,complete_proposals / proposals,presentations_complete,proposals,"week,rep","trade,motion",leading,Requirements vary by motion and jurisdiction
M011,Estimate turnaround time,speed,Elapsed time from scope completion to estimate delivery,estimate_sent_timestamp - scope_complete_timestamp,,,estimate,"trade,motion,complexity",leading,Report median and percentile not average alone
M012,Follow-up SLA attainment,process,Share of promised follow-ups completed by the promised time,on_time_followups / promised_followups,on_time_followups,promised_followups,"week,rep","motion,stage",leading,Buyer-declined follow-up is not overdue
M013,Quote win rate,outcome,Share of decided quoted opportunities won,wins / decided_quotes,wins,decided_quotes,"month,rep","trade,motion,source,price_band",lagging,Report open aging and no-decision separately
M014,No-decision rate,outcome,Share of mature quoted opportunities ending without a buyer decision,no_decisions / mature_decided_or_no_decision,no_decisions,mature_decided_or_no_decision,"month,rep","trade,motion,source",lagging,Use a documented aging threshold
M015,Loss reason coverage,data_quality,Share of lost or no-decision opportunities with verified primary reason,verified_reason_records / lost_or_no_decision,verified_reason_records,lost_or_no_decision,"month,team","trade,motion",leading,Do not force a reason the buyer did not give
M016,Average sold ticket,outcome,Recognized sold amount per won opportunity,sum(sold_amount) / wins,sold_amount,wins,"month,team","trade,motion,job_type",lagging,Pair with margin and cancellation rate
M017,Gross margin percentage,outcome,Revenue less direct cost divided by revenue,(recognized_revenue - direct_cost) / recognized_revenue,gross_profit,recognized_revenue,"month,job","trade,motion,job_type",lagging,Use finance-approved cost definitions
M018,Revenue per issued lead,outcome,Recognized revenue attributable to issued workable leads,recognized_revenue / issued_workable_leads,recognized_revenue,issued_workable_leads,"month,source","trade,motion,territory",lagging,Maintain attribution window and multi-touch rule
M019,Cancellation rate,outcome,Share of sold jobs canceled before eligible completion,canceled_sold_jobs / sold_jobs,canceled_sold_jobs,sold_jobs,"month,team","trade,motion,cancel_reason",lagging,Separate customer rescission financing failure and company cancellation
M020,Financing option disclosure rate,compliance,Share of financed presentations with cash price total financed cost and required terms disclosed,compliant_finance_presentations / finance_presentations,compliant_finance_presentations,finance_presentations,"month,rep","provider,trade,jurisdiction",leading,Legal review defines required fields
M021,Complaint rate,quality,Substantiated sales complaints per 100 sold jobs,100 * substantiated_sales_complaints / sold_jobs,substantiated_sales_complaints,sold_jobs,"month,team","trade,motion,complaint_type",lagging,Track all complaints separately from substantiation
M022,Rework attributable to expectation gap,quality,Completed jobs needing rework due to documented sales scope or expectation failure,sales_attributable_rework_jobs / completed_jobs,sales_attributable_rework_jobs,completed_jobs,"month,team","trade,motion,cause",lagging,Review jointly with operations before attribution
M023,Membership attach rate,outcome,Eligible residential jobs with an accepted membership,accepted_memberships / eligible_jobs,accepted_memberships,eligible_jobs,"month,rep","trade,job_type",lagging,Eligibility and value must be explicit
M024,Membership renewal rate,outcome,Renewable memberships that renew,renewed_memberships / renewable_memberships,renewed_memberships,renewable_memberships,"month,cohort","trade,plan,tenure",lagging,Separate involuntary payment failure
M025,Commercial renewal rate,outcome,Eligible commercial agreements renewed,renewed_agreements / renewable_agreements,renewed_agreements,renewable_agreements,"quarter,account_owner","trade,segment,contract_type",lagging,Track scope reduction and price change separately
M026,Expansion rate,outcome,Existing commercial accounts adding verified scope or locations,expanded_accounts / eligible_active_accounts,expanded_accounts,eligible_active_accounts,"quarter,account_owner","trade,segment",lagging,Exclude inflation-only revenue change
M027,Stakeholder coverage,process,Share of critical buying roles with a verified person status and next action,covered_critical_roles / identified_critical_roles,covered_critical_roles,identified_critical_roles,opportunity,"segment,stage,motion",leading,Unknown roles remain gaps
M028,Mutual next-step rate,process,Share of active opportunities with owner action date and buyer confirmation,opportunities_with_mutual_next_step / active_opportunities,opportunities_with_mutual_next_step,active_opportunities,"week,rep","motion,stage",leading,A seller-only reminder is not mutual
M029,Stage aging,velocity,Elapsed time an opportunity remains in current stage,current_timestamp - stage_entered_timestamp,,,opportunity,"motion,stage,segment",leading,Define pauses and procurement holds
M030,Bid hit rate,outcome,Share of decided qualified bids awarded,awarded_bids / decided_qualified_bids,awarded_bids,decided_qualified_bids,"quarter,estimator","trade,client_type,project_type",lagging,Do not mix negotiated and hard-bid work
M031,Go no-go discipline,quality,Share of submitted bids that met documented qualification threshold,qualified_submitted_bids / submitted_bids,qualified_submitted_bids,submitted_bids,"quarter,team","trade,project_type",leading,Threshold should include capacity risk and relationship fit
M032,Pipeline coverage,forecast,Qualified pipeline value relative to period target,qualified_weighted_pipeline / period_target,qualified_weighted_pipeline,period_target,"week,team","segment,motion,close_period",leading,Stage probabilities must be empirically calibrated
M033,Forecast accuracy,forecast,Absolute error between forecast and actual divided by actual,1 - abs(forecast - actual) / max(actual floor),,,"month,team","segment,motion",lagging,Use a documented zero-actual convention
M034,Campaign qualified response rate,campaign,Recipients producing a two-way response that meets qualification,qualified_responses / delivered_recipients,qualified_responses,delivered_recipients,"campaign,segment","channel,offer,territory",leading,Exclude unsubscribes and automated replies
M035,Campaign opportunity rate,campaign,Delivered recipients creating accepted opportunities,accepted_opportunities / delivered_recipients,accepted_opportunities,delivered_recipients,"campaign,segment","channel,offer,territory",lagging,Define accepted opportunity before launch
M036,Unsubscribe or opt-out rate,compliance,Delivered recipients requesting or triggering opt-out,opt_outs / delivered_recipients,opt_outs,delivered_recipients,"campaign,channel","segment,jurisdiction",lagging,Honor suppression requirements immediately
M037,Market signal confidence,research,Weighted confidence assigned to a market claim based on evidence quality recency and agreement,sum(source_weight * agreement_factor) / max_possible,,,claim,"market,trade,signal_type",leading,Never convert low-confidence signals to facts
M038,Coaching transfer rate,training,Share of selected field behaviors that improve after coached practice,improved_target_behaviors / coached_target_behaviors,improved_target_behaviors,coached_target_behaviors,"month,rep","beam,motion",lagging,Use comparable pre and post samples
